epoch,accuracy,loss,val_accuracy,val_loss
0,0,-0.8860676884651184,91.0,-0.8961690226687661
1,0,-0.8405610918998718,90.9800033569336,-0.9044456798819047
2,0,-0.974071204662323,92.7300033569336,-0.9224844084510321
0,0,-0.917085587978363,90.05999755859375,-0.8864290842527076
1,0,-0.8865773677825928,91.5,-0.9101208765295488
2,0,-0.9754714965820312,93.20999908447266,-0.9288884401321411
0,0,-0.8425864577293396,83.91000366210938,-0.8311404306677324
1,0,-0.8761588931083679,91.93000030517578,-0.9136497657510299
2,0,-0.935338020324707,92.9800033569336,-0.9253692294977889
