epoch,accuracy,loss,val_accuracy,val_loss
0,0.14970000088214874,20.07244300842285,0.38510000705718994,3.486393690109253
1,0.25325000286102295,8.831757545471191,0.5695000290870667,1.605667233467102
2,0.3212999999523163,4.752018451690674,0.5733000040054321,1.290475606918335
0,0.13891667127609253,20.732894897460938,0.33799999952316284,4.079523086547852
1,0.23746666312217712,9.365983963012695,0.5332000255584717,1.8162710666656494
2,0.3043166697025299,5.0998005867004395,0.5727999806404114,1.3061707019805908
0,0.16899999976158142,34.172271728515625,0.5024999976158142,5.113060474395752
1,0.2905833423137665,16.019390106201172,0.6527000069618225,2.222524404525757
2,0.3781333267688751,8.716165542602539,0.708899974822998,1.2566741704940796
